"model","seed","mechanism","utility","coverage","demand","quality","redundancy","totalRewards","averageReward","leakage","detection","falsePositives","verificationCost","prevented","verificationEfficiency","attackROI","participation","concentration","usefulEfficiency","verified","configuration"
"1.0","42","Contribution","0.7247523531445865","0.967","0.9208087389601016","0.6945971780342043","0.888","782.221853273169","7.82221853273169","133.9525339433759","0.42857142857142855","0","10","145.1854311512206","14.51854311512206","2.3488133485843976","0.59","0.028805815238611705","0.7213568047470462","10","{""seed"":42,""providers"":100,""users"":1000,""malicious"":20,""radius"":2.2,""capacity"":24,""reliability"":0.92,""quality"":0.9,""cost"":2,""stake"":10,""budget"":10,""verificationCost"":1,""sensitivity"":0.8,""falsePositive"":0.02,""strategy"":""risk"",""attack"":""false contribution"",""inflation"":3,""attackCost"":2,""sybils"":2,""sybilCost"":3,""fakeDemand"":25,""collusion"":0.6,""density"":""medium"",""distribution"":""clustered"",""placement"":""reward"",""pool"":1000,""weights"":[0.3,0.35,0.25,0.06,0.04],""trials"":10}"
"1.0","42","Quality-adjusted","0.7247523531445865","0.967","0.9208087389601016","0.6945971780342043","0.888","779.2937149138774","7.792937149138774","132.37999060099324","0.42857142857142855","0","10","147.13752339074853","14.713752339074853","2.309499765024831","0.58","0.029071230375164833","0.7225305837098905","10","{""seed"":42,""providers"":100,""users"":1000,""malicious"":20,""radius"":2.2,""capacity"":24,""reliability"":0.92,""quality"":0.9,""cost"":2,""stake"":10,""budget"":10,""verificationCost"":1,""sensitivity"":0.8,""falsePositive"":0.02,""strategy"":""risk"",""attack"":""false contribution"",""inflation"":3,""attackCost"":2,""sybils"":2,""sybilCost"":3,""fakeDemand"":25,""collusion"":0.6,""density"":""medium"",""distribution"":""clustered"",""placement"":""reward"",""pool"":1000,""weights"":[0.3,0.35,0.25,0.06,0.04],""trials"":10}"
"1.0","42","Marginal utility","0.7247523531445865","0.967","0.9208087389601016","0.6945971780342043","0.888","943.3909034078558","9.433909034078559","70.33067916022942","0.14285714285714285","0","10","37.739397728096066","3.7739397728096065","0.7582669790057356","0.43","0.03550610073284856","0.9254490594448488","10","{""seed"":42,""providers"":100,""users"":1000,""malicious"":20,""radius"":2.2,""capacity"":24,""reliability"":0.92,""quality"":0.9,""cost"":2,""stake"":10,""budget"":10,""verificationCost"":1,""sensitivity"":0.8,""falsePositive"":0.02,""strategy"":""risk"",""attack"":""false contribution"",""inflation"":3,""attackCost"":2,""sybils"":2,""sybilCost"":3,""fakeDemand"":25,""collusion"":0.6,""density"":""medium"",""distribution"":""clustered"",""placement"":""reward"",""pool"":1000,""weights"":[0.3,0.35,0.25,0.06,0.04],""trials"":10}"
"1.0","42","Proposed","0.7247523531445865","0.967","0.9208087389601016","0.6945971780342043","0.888","951.2284479923438","9.512284479923439","58.19688885560254","0.14285714285714285","0","10","32.51436800510383","3.2514368005103833","0.45492222139006344","0.42","0.03622207824618322","0.9388192300404467","10","{""seed"":42,""providers"":100,""users"":1000,""malicious"":20,""radius"":2.2,""capacity"":24,""reliability"":0.92,""quality"":0.9,""cost"":2,""stake"":10,""budget"":10,""verificationCost"":1,""sensitivity"":0.8,""falsePositive"":0.02,""strategy"":""risk"",""attack"":""false contribution"",""inflation"":3,""attackCost"":2,""sybils"":2,""sybilCost"":3,""fakeDemand"":25,""collusion"":0.6,""density"":""medium"",""distribution"":""clustered"",""placement"":""reward"",""pool"":1000,""weights"":[0.3,0.35,0.25,0.06,0.04],""trials"":10}"
"1.0","43","Contribution","0.7007234147112038","0.961","0.8745362991911919","0.6642228399771466","0.862","571.5598130551908","5.715598130551908","63.830638461143195","0.5555555555555556","0","10","285.6267912965395","28.56267912965395","0.5957659615285799","0.59","0.02259768152153732","0.7834750748616803","10","{""seed"":43,""providers"":100,""users"":1000,""malicious"":20,""radius"":2.2,""capacity"":24,""reliability"":0.92,""quality"":0.9,""cost"":2,""stake"":10,""budget"":10,""verificationCost"":1,""sensitivity"":0.8,""falsePositive"":0.02,""strategy"":""risk"",""attack"":""false contribution"",""inflation"":3,""attackCost"":2,""sybils"":2,""sybilCost"":3,""fakeDemand"":25,""collusion"":0.6,""density"":""medium"",""distribution"":""clustered"",""placement"":""reward"",""pool"":1000,""weights"":[0.3,0.35,0.25,0.06,0.04],""trials"":10}"
"1.0","43","Quality-adjusted","0.7007234147112038","0.961","0.8745362991911919","0.6642228399771466","0.862","571.9182304246085","5.719182304246085","63.26065968132744","0.5555555555555556","0","10","285.3878463835943","28.53878463835943","0.581516492033186","0.58","0.022743426072679245","0.782715039200418","10","{""seed"":43,""providers"":100,""users"":1000,""malicious"":20,""radius"":2.2,""capacity"":24,""reliability"":0.92,""quality"":0.9,""cost"":2,""stake"":10,""budget"":10,""verificationCost"":1,""sensitivity"":0.8,""falsePositive"":0.02,""strategy"":""risk"",""attack"":""false contribution"",""inflation"":3,""attackCost"":2,""sybils"":2,""sybilCost"":3,""fakeDemand"":25,""collusion"":0.6,""density"":""medium"",""distribution"":""clustered"",""placement"":""reward"",""pool"":1000,""weights"":[0.3,0.35,0.25,0.06,0.04],""trials"":10}"
"1.0","43","Marginal utility","0.7007234147112038","0.961","0.8745362991911919","0.6642228399771466","0.862","799.2324973984145","7.992324973984145","23.228592424789632","0.3333333333333333","0","10","133.8450017343903","13.384500173439031","-0.4192851893802592","0.33","0.05165487947406021","0.9709363764606654","10","{""seed"":43,""providers"":100,""users"":1000,""malicious"":20,""radius"":2.2,""capacity"":24,""reliability"":0.92,""quality"":0.9,""cost"":2,""stake"":10,""budget"":10,""verificationCost"":1,""sensitivity"":0.8,""falsePositive"":0.02,""strategy"":""risk"",""attack"":""false contribution"",""inflation"":3,""attackCost"":2,""sybils"":2,""sybilCost"":3,""fakeDemand"":25,""collusion"":0.6,""density"":""medium"",""distribution"":""clustered"",""placement"":""reward"",""pool"":1000,""weights"":[0.3,0.35,0.25,0.06,0.04],""trials"":10}"
"1.0","43","Proposed","0.7007234147112038","0.961","0.8745362991911919","0.6642228399771466","0.862","848.9708322453023","8.489708322453023","19.062445404962133","0.3333333333333333","0","10","100.68611183646539","10.068611183646539","-0.5234388648759467","0.33","0.05559429581973296","0.9775464071544755","10","{""seed"":43,""providers"":100,""users"":1000,""malicious"":20,""radius"":2.2,""capacity"":24,""reliability"":0.92,""quality"":0.9,""cost"":2,""stake"":10,""budget"":10,""verificationCost"":1,""sensitivity"":0.8,""falsePositive"":0.02,""strategy"":""risk"",""attack"":""false contribution"",""inflation"":3,""attackCost"":2,""sybils"":2,""sybilCost"":3,""fakeDemand"":25,""collusion"":0.6,""density"":""medium"",""distribution"":""clustered"",""placement"":""reward"",""pool"":1000,""weights"":[0.3,0.35,0.25,0.06,0.04],""trials"":10}"
"1.0","44","Contribution","0.6982381245579949","0.954","0.8665691712508611","0.6728756584807745","0.858","695.4082459871652","6.9540824598716515","71.55911972574016","0.5714285714285714","0","10","203.06116934189","20.306116934189","0.788977993143504","0.58","0.02501171661048633","0.7694952498608991","10","{""seed"":44,""providers"":100,""users"":1000,""malicious"":20,""radius"":2.2,""capacity"":24,""reliability"":0.92,""quality"":0.9,""cost"":2,""stake"":10,""budget"":10,""verificationCost"":1,""sensitivity"":0.8,""falsePositive"":0.02,""strategy"":""risk"",""attack"":""false contribution"",""inflation"":3,""attackCost"":2,""sybils"":2,""sybilCost"":3,""fakeDemand"":25,""collusion"":0.6,""density"":""medium"",""distribution"":""clustered"",""placement"":""reward"",""pool"":1000,""weights"":[0.3,0.35,0.25,0.06,0.04],""trials"":10}"
"1.0","44","Quality-adjusted","0.6982381245579949","0.954","0.8665691712508611","0.6728756584807745","0.858","700.8698560838028","7.008698560838028","74.43775066601195","0.5714285714285714","0","10","199.4200959441315","19.94200959441315","0.8609437666502988","0.57","0.025675932774178196","0.7667849642136869","10","{""seed"":44,""providers"":100,""users"":1000,""malicious"":20,""radius"":2.2,""capacity"":24,""reliability"":0.92,""quality"":0.9,""cost"":2,""stake"":10,""budget"":10,""verificationCost"":1,""sensitivity"":0.8,""falsePositive"":0.02,""strategy"":""risk"",""attack"":""false contribution"",""inflation"":3,""attackCost"":2,""sybils"":2,""sybilCost"":3,""fakeDemand"":25,""collusion"":0.6,""density"":""medium"",""distribution"":""clustered"",""placement"":""reward"",""pool"":1000,""weights"":[0.3,0.35,0.25,0.06,0.04],""trials"":10}"
"1.0","44","Marginal utility","0.6982381245579949","0.954","0.8665691712508611","0.6728756584807745","0.858","831.8437126505087","8.318437126505087","12.221503488602668","0.2857142857142857","0","10","112.10419156632737","11.210419156632737","-0.6944624127849333","0.41","0.058502288155433554","0.9853079330855778","10","{""seed"":44,""providers"":100,""users"":1000,""malicious"":20,""radius"":2.2,""capacity"":24,""reliability"":0.92,""quality"":0.9,""cost"":2,""stake"":10,""budget"":10,""verificationCost"":1,""sensitivity"":0.8,""falsePositive"":0.02,""strategy"":""risk"",""attack"":""false contribution"",""inflation"":3,""attackCost"":2,""sybils"":2,""sybilCost"":3,""fakeDemand"":25,""collusion"":0.6,""density"":""medium"",""distribution"":""clustered"",""placement"":""reward"",""pool"":1000,""weights"":[0.3,0.35,0.25,0.06,0.04],""trials"":10}"
"1.0","44","Proposed","0.6982381245579949","0.954","0.8665691712508611","0.6728756584807745","0.858","884.9318174622648","8.849318174622647","20.562563368658076","0.21428571428571427","0","10","76.71212169182337","7.671212169182337","-0.4859359157835481","0.42","0.05146909259532766","0.9767636749375499","10","{""seed"":44,""providers"":100,""users"":1000,""malicious"":20,""radius"":2.2,""capacity"":24,""reliability"":0.92,""quality"":0.9,""cost"":2,""stake"":10,""budget"":10,""verificationCost"":1,""sensitivity"":0.8,""falsePositive"":0.02,""strategy"":""risk"",""attack"":""false contribution"",""inflation"":3,""attackCost"":2,""sybils"":2,""sybilCost"":3,""fakeDemand"":25,""collusion"":0.6,""density"":""medium"",""distribution"":""clustered"",""placement"":""reward"",""pool"":1000,""weights"":[0.3,0.35,0.25,0.06,0.04],""trials"":10}"
"1.0","45","Contribution","0.7275513708202818","0.955","0.9213550804171433","0.7184683706971265","0.884","736.9382855308417","7.369382855308417","166.6888150721923","0.42857142857142855","0","10","175.3744763127721","17.53744763127721","3.1672203768048077","0.59","0.030795416819291016","0.5491211296099706","10","{""seed"":45,""providers"":100,""users"":1000,""malicious"":20,""radius"":2.2,""capacity"":24,""reliability"":0.92,""quality"":0.9,""cost"":2,""stake"":10,""budget"":10,""verificationCost"":1,""sensitivity"":0.8,""falsePositive"":0.02,""strategy"":""risk"",""attack"":""false contribution"",""inflation"":3,""attackCost"":2,""sybils"":2,""sybilCost"":3,""fakeDemand"":25,""collusion"":0.6,""density"":""medium"",""distribution"":""clustered"",""placement"":""reward"",""pool"":1000,""weights"":[0.3,0.35,0.25,0.06,0.04],""trials"":10}"
"1.0","45","Quality-adjusted","0.7275513708202818","0.955","0.9213550804171433","0.7184683706971265","0.884","736.7444632974796","7.367444632974796","168.05386789416815","0.42857142857142855","0","10","175.5036911350139","17.55036911350139","3.2013466973542037","0.58","0.031361329540167876","0.5503585601343178","10","{""seed"":45,""providers"":100,""users"":1000,""malicious"":20,""radius"":2.2,""capacity"":24,""reliability"":0.92,""quality"":0.9,""cost"":2,""stake"":10,""budget"":10,""verificationCost"":1,""sensitivity"":0.8,""falsePositive"":0.02,""strategy"":""risk"",""attack"":""false contribution"",""inflation"":3,""attackCost"":2,""sybils"":2,""sybilCost"":3,""fakeDemand"":25,""collusion"":0.6,""density"":""medium"",""distribution"":""clustered"",""placement"":""reward"",""pool"":1000,""weights"":[0.3,0.35,0.25,0.06,0.04],""trials"":10}"
"1.0","45","Marginal utility","0.7275513708202818","0.955","0.9213550804171433","0.7184683706971265","0.884","802.5703029582368","8.025703029582367","117.61892886062144","0.21428571428571427","1","10","109.82720170501665","10.982720170501665","1.940473221515536","0.38","0.057609245375604294","0.8534471953085186","10","{""seed"":45,""providers"":100,""users"":1000,""malicious"":20,""radius"":2.2,""capacity"":24,""reliability"":0.92,""quality"":0.9,""cost"":2,""stake"":10,""budget"":10,""verificationCost"":1,""sensitivity"":0.8,""falsePositive"":0.02,""strategy"":""risk"",""attack"":""false contribution"",""inflation"":3,""attackCost"":2,""sybils"":2,""sybilCost"":3,""fakeDemand"":25,""collusion"":0.6,""density"":""medium"",""distribution"":""clustered"",""placement"":""reward"",""pool"":1000,""weights"":[0.3,0.35,0.25,0.06,0.04],""trials"":10}"
"1.0","45","Proposed","0.7275513708202818","0.955","0.9213550804171433","0.7184683706971265","0.884","830.4479449968302","8.304479449968301","97.85036997906957","0.21428571428571427","1","10","91.64292633577482","9.164292633577482","1.4462592494767392","0.38","0.05535757612208846","0.8821715791235499","10","{""seed"":45,""providers"":100,""users"":1000,""malicious"":20,""radius"":2.2,""capacity"":24,""reliability"":0.92,""quality"":0.9,""cost"":2,""stake"":10,""budget"":10,""verificationCost"":1,""sensitivity"":0.8,""falsePositive"":0.02,""strategy"":""risk"",""attack"":""false contribution"",""inflation"":3,""attackCost"":2,""sybils"":2,""sybilCost"":3,""fakeDemand"":25,""collusion"":0.6,""density"":""medium"",""distribution"":""clustered"",""placement"":""reward"",""pool"":1000,""weights"":[0.3,0.35,0.25,0.06,0.04],""trials"":10}"
"1.0","46","Contribution","0.6747145613214037","0.957","0.831673428324359","0.6189954456315132","0.837","815.4138647712448","8.154138647712449","127.81398700287126","0.4166666666666667","0","10","123.05742348583672","12.305742348583673","2.1953496750717814","0.56","0.028859584914490914","0.750131910362059","10","{""seed"":46,""providers"":100,""users"":1000,""malicious"":20,""radius"":2.2,""capacity"":24,""reliability"":0.92,""quality"":0.9,""cost"":2,""stake"":10,""budget"":10,""verificationCost"":1,""sensitivity"":0.8,""falsePositive"":0.02,""strategy"":""risk"",""attack"":""false contribution"",""inflation"":3,""attackCost"":2,""sybils"":2,""sybilCost"":3,""fakeDemand"":25,""collusion"":0.6,""density"":""medium"",""distribution"":""clustered"",""placement"":""reward"",""pool"":1000,""weights"":[0.3,0.35,0.25,0.06,0.04],""trials"":10}"
"1.0","46","Quality-adjusted","0.6747145613214037","0.957","0.831673428324359","0.6189954456315132","0.837","813.0889801917695","8.130889801917695","128.36430827102478","0.4166666666666667","0","10","124.60734653882034","12.460734653882033","2.2091077067756197","0.56","0.029304167170798735","0.7485135353728064","10","{""seed"":46,""providers"":100,""users"":1000,""malicious"":20,""radius"":2.2,""capacity"":24,""reliability"":0.92,""quality"":0.9,""cost"":2,""stake"":10,""budget"":10,""verificationCost"":1,""sensitivity"":0.8,""falsePositive"":0.02,""strategy"":""risk"",""attack"":""false contribution"",""inflation"":3,""attackCost"":2,""sybils"":2,""sybilCost"":3,""fakeDemand"":25,""collusion"":0.6,""density"":""medium"",""distribution"":""clustered"",""placement"":""reward"",""pool"":1000,""weights"":[0.3,0.35,0.25,0.06,0.04],""trials"":10}"
"1.0","46","Marginal utility","0.6747145613214037","0.957","0.831673428324359","0.6189954456315132","0.837","927.1709727345905","9.271709727345904","30.763863258114142","0.16666666666666666","0","10","48.55268484360634","4.855268484360634","-0.23090341854714644","0.38","0.05406817535374644","0.9668196436657421","10","{""seed"":46,""providers"":100,""users"":1000,""malicious"":20,""radius"":2.2,""capacity"":24,""reliability"":0.92,""quality"":0.9,""cost"":2,""stake"":10,""budget"":10,""verificationCost"":1,""sensitivity"":0.8,""falsePositive"":0.02,""strategy"":""risk"",""attack"":""false contribution"",""inflation"":3,""attackCost"":2,""sybils"":2,""sybilCost"":3,""fakeDemand"":25,""collusion"":0.6,""density"":""medium"",""distribution"":""clustered"",""placement"":""reward"",""pool"":1000,""weights"":[0.3,0.35,0.25,0.06,0.04],""trials"":10}"
"1.0","46","Proposed","0.6747145613214037","0.957","0.831673428324359","0.6189954456315132","0.837","944.4185796944968","9.444185796944968","28.754354664552146","0.16666666666666666","0","10","37.054280203668796","3.7054280203668797","-0.28114113338619634","0.38","0.05346630077496796","0.9695533788906887","10","{""seed"":46,""providers"":100,""users"":1000,""malicious"":20,""radius"":2.2,""capacity"":24,""reliability"":0.92,""quality"":0.9,""cost"":2,""stake"":10,""budget"":10,""verificationCost"":1,""sensitivity"":0.8,""falsePositive"":0.02,""strategy"":""risk"",""attack"":""false contribution"",""inflation"":3,""attackCost"":2,""sybils"":2,""sybilCost"":3,""fakeDemand"":25,""collusion"":0.6,""density"":""medium"",""distribution"":""clustered"",""placement"":""reward"",""pool"":1000,""weights"":[0.3,0.35,0.25,0.06,0.04],""trials"":10}"
"1.0","47","Contribution","0.6937055523837877","0.956","0.8666035034533356","0.6453373047004816","0.829","766.1924362917601","7.661924362917602","159.95404552533054","0.42857142857142855","0","10","155.87170913882653","15.587170913882654","2.9988511381332636","0.59","0.031719727692485544","0.7286683934775251","10","{""seed"":47,""providers"":100,""users"":1000,""malicious"":20,""radius"":2.2,""capacity"":24,""reliability"":0.92,""quality"":0.9,""cost"":2,""stake"":10,""budget"":10,""verificationCost"":1,""sensitivity"":0.8,""falsePositive"":0.02,""strategy"":""risk"",""attack"":""false contribution"",""inflation"":3,""attackCost"":2,""sybils"":2,""sybilCost"":3,""fakeDemand"":25,""collusion"":0.6,""density"":""medium"",""distribution"":""clustered"",""placement"":""reward"",""pool"":1000,""weights"":[0.3,0.35,0.25,0.06,0.04],""trials"":10}"
"1.0","47","Quality-adjusted","0.6937055523837877","0.956","0.8666035034533356","0.6453373047004816","0.829","772.9208682263016","7.729208682263017","165.3225685443072","0.42857142857142855","0","10","151.38608784913237","15.138608784913236","3.1330642136076796","0.59","0.03246334938424861","0.7234299641068828","10","{""seed"":47,""providers"":100,""users"":1000,""malicious"":20,""radius"":2.2,""capacity"":24,""reliability"":0.92,""quality"":0.9,""cost"":2,""stake"":10,""budget"":10,""verificationCost"":1,""sensitivity"":0.8,""falsePositive"":0.02,""strategy"":""risk"",""attack"":""false contribution"",""inflation"":3,""attackCost"":2,""sybils"":2,""sybilCost"":3,""fakeDemand"":25,""collusion"":0.6,""density"":""medium"",""distribution"":""clustered"",""placement"":""reward"",""pool"":1000,""weights"":[0.3,0.35,0.25,0.06,0.04],""trials"":10}"
"1.0","47","Marginal utility","0.6937055523837877","0.956","0.8666035034533356","0.6453373047004816","0.829","929.3537690879125","9.293537690879125","70.70249007481121","0.14285714285714285","0","10","47.097487274724685","4.709748727472468","0.7675622518702803","0.38","0.041357041940988354","0.9239229533181967","10","{""seed"":47,""providers"":100,""users"":1000,""malicious"":20,""radius"":2.2,""capacity"":24,""reliability"":0.92,""quality"":0.9,""cost"":2,""stake"":10,""budget"":10,""verificationCost"":1,""sensitivity"":0.8,""falsePositive"":0.02,""strategy"":""risk"",""attack"":""false contribution"",""inflation"":3,""attackCost"":2,""sybils"":2,""sybilCost"":3,""fakeDemand"":25,""collusion"":0.6,""density"":""medium"",""distribution"":""clustered"",""placement"":""reward"",""pool"":1000,""weights"":[0.3,0.35,0.25,0.06,0.04],""trials"":10}"
"1.0","47","Proposed","0.6937055523837877","0.956","0.8666035034533356","0.6453373047004816","0.829","932.8785783669331","9.32878578366933","61.97768512469946","0.14285714285714285","0","10","44.74761442204487","4.474761442204487","0.5494421281174866","0.39","0.0429582709222734","0.9335629667547993","10","{""seed"":47,""providers"":100,""users"":1000,""malicious"":20,""radius"":2.2,""capacity"":24,""reliability"":0.92,""quality"":0.9,""cost"":2,""stake"":10,""budget"":10,""verificationCost"":1,""sensitivity"":0.8,""falsePositive"":0.02,""strategy"":""risk"",""attack"":""false contribution"",""inflation"":3,""attackCost"":2,""sybils"":2,""sybilCost"":3,""fakeDemand"":25,""collusion"":0.6,""density"":""medium"",""distribution"":""clustered"",""placement"":""reward"",""pool"":1000,""weights"":[0.3,0.35,0.25,0.06,0.04],""trials"":10}"
"1.0","48","Contribution","0.7527214094579512","0.984","0.9628880598257993","0.7346023540756857","0.919","712.2314299773618","7.122314299773618","105.85129862590964","0.4444444444444444","0","10","191.84571334842545","19.184571334842545","1.6462824656477408","0.6","0.026430994188534788","0.7466487031655381","10","{""seed"":48,""providers"":100,""users"":1000,""malicious"":20,""radius"":2.2,""capacity"":24,""reliability"":0.92,""quality"":0.9,""cost"":2,""stake"":10,""budget"":10,""verificationCost"":1,""sensitivity"":0.8,""falsePositive"":0.02,""strategy"":""risk"",""attack"":""false contribution"",""inflation"":3,""attackCost"":2,""sybils"":2,""sybilCost"":3,""fakeDemand"":25,""collusion"":0.6,""density"":""medium"",""distribution"":""clustered"",""placement"":""reward"",""pool"":1000,""weights"":[0.3,0.35,0.25,0.06,0.04],""trials"":10}"
"1.0","48","Quality-adjusted","0.7527214094579512","0.984","0.9628880598257993","0.7346023540756857","0.919","706.8064041521204","7.068064041521204","99.52812947634487","0.4444444444444444","0","10","195.46239723192002","19.546239723192002","1.4882032369086218","0.6","0.02596900082900798","0.7530704578746688","10","{""seed"":48,""providers"":100,""users"":1000,""malicious"":20,""radius"":2.2,""capacity"":24,""reliability"":0.92,""quality"":0.9,""cost"":2,""stake"":10,""budget"":10,""verificationCost"":1,""sensitivity"":0.8,""falsePositive"":0.02,""strategy"":""risk"",""attack"":""false contribution"",""inflation"":3,""attackCost"":2,""sybils"":2,""sybilCost"":3,""fakeDemand"":25,""collusion"":0.6,""density"":""medium"",""distribution"":""clustered"",""placement"":""reward"",""pool"":1000,""weights"":[0.3,0.35,0.25,0.06,0.04],""trials"":10}"
"1.0","48","Marginal utility","0.7527214094579512","0.984","0.9628880598257993","0.7346023540756857","0.919","846.3971925871815","8.463971925871816","55.38720392162598","0.2222222222222222","1","10","83.55971752098462","8.355971752098462","0.38468009804064957","0.46","0.040842283261226714","0.9345612149866377","10","{""seed"":48,""providers"":100,""users"":1000,""malicious"":20,""radius"":2.2,""capacity"":24,""reliability"":0.92,""quality"":0.9,""cost"":2,""stake"":10,""budget"":10,""verificationCost"":1,""sensitivity"":0.8,""falsePositive"":0.02,""strategy"":""risk"",""attack"":""false contribution"",""inflation"":3,""attackCost"":2,""sybils"":2,""sybilCost"":3,""fakeDemand"":25,""collusion"":0.6,""density"":""medium"",""distribution"":""clustered"",""placement"":""reward"",""pool"":1000,""weights"":[0.3,0.35,0.25,0.06,0.04],""trials"":10}"
"1.0","48","Proposed","0.7527214094579512","0.984","0.9628880598257993","0.7346023540756857","0.919","866.6216466352923","8.666216466352923","46.93775792511969","0.2222222222222222","1","10","71.46085311380173","7.146085311380173","0.17344394812799227","0.45","0.04407729219773253","0.9458382350506033","10","{""seed"":48,""providers"":100,""users"":1000,""malicious"":20,""radius"":2.2,""capacity"":24,""reliability"":0.92,""quality"":0.9,""cost"":2,""stake"":10,""budget"":10,""verificationCost"":1,""sensitivity"":0.8,""falsePositive"":0.02,""strategy"":""risk"",""attack"":""false contribution"",""inflation"":3,""attackCost"":2,""sybils"":2,""sybilCost"":3,""fakeDemand"":25,""collusion"":0.6,""density"":""medium"",""distribution"":""clustered"",""placement"":""reward"",""pool"":1000,""weights"":[0.3,0.35,0.25,0.06,0.04],""trials"":10}"
"1.0","49","Contribution","0.7499846820471989","0.979","0.9558179072038202","0.7414736581034478","0.927","748.8975703484881","7.488975703484881","100.69368428871026","0.4444444444444444","0","10","167.40161976767445","16.740161976767446","1.5173421072177564","0.63","0.026376223143778632","0.7819263499135094","10","{""seed"":49,""providers"":100,""users"":1000,""malicious"":20,""radius"":2.2,""capacity"":24,""reliability"":0.92,""quality"":0.9,""cost"":2,""stake"":10,""budget"":10,""verificationCost"":1,""sensitivity"":0.8,""falsePositive"":0.02,""strategy"":""risk"",""attack"":""false contribution"",""inflation"":3,""attackCost"":2,""sybils"":2,""sybilCost"":3,""fakeDemand"":25,""collusion"":0.6,""density"":""medium"",""distribution"":""clustered"",""placement"":""reward"",""pool"":1000,""weights"":[0.3,0.35,0.25,0.06,0.04],""trials"":10}"
"1.0","49","Quality-adjusted","0.7499846820471989","0.979","0.9558179072038202","0.7414736581034478","0.927","739.5098022680928","7.395098022680928","99.66502048131258","0.4444444444444444","0","10","173.66013182127142","17.36601318212714","1.4916255120328146","0.63","0.027018126738791844","0.7828592449050917","10","{""seed"":49,""providers"":100,""users"":1000,""malicious"":20,""radius"":2.2,""capacity"":24,""reliability"":0.92,""quality"":0.9,""cost"":2,""stake"":10,""budget"":10,""verificationCost"":1,""sensitivity"":0.8,""falsePositive"":0.02,""strategy"":""risk"",""attack"":""false contribution"",""inflation"":3,""attackCost"":2,""sybils"":2,""sybilCost"":3,""fakeDemand"":25,""collusion"":0.6,""density"":""medium"",""distribution"":""clustered"",""placement"":""reward"",""pool"":1000,""weights"":[0.3,0.35,0.25,0.06,0.04],""trials"":10}"
"1.0","49","Marginal utility","0.7499846820471989","0.979","0.9558179072038202","0.7414736581034478","0.927","850.099448599711","8.50099448599711","25.962316916969176","0.2222222222222222","0","10","99.93370093352601","9.9933700933526","-0.35094207707577063","0.44","0.057031513937836655","0.9694596709129332","10","{""seed"":49,""providers"":100,""users"":1000,""malicious"":20,""radius"":2.2,""capacity"":24,""reliability"":0.92,""quality"":0.9,""cost"":2,""stake"":10,""budget"":10,""verificationCost"":1,""sensitivity"":0.8,""falsePositive"":0.02,""strategy"":""risk"",""attack"":""false contribution"",""inflation"":3,""attackCost"":2,""sybils"":2,""sybilCost"":3,""fakeDemand"":25,""collusion"":0.6,""density"":""medium"",""distribution"":""clustered"",""placement"":""reward"",""pool"":1000,""weights"":[0.3,0.35,0.25,0.06,0.04],""trials"":10}"
"1.0","49","Proposed","0.7499846820471989","0.979","0.9558179072038202","0.7414736581034478","0.927","857.1341899117864","8.571341899117863","22.137855290855374","0.2222222222222222","0","10","95.24387339214209","9.52438733921421","-0.4465536177286157","0.43","0.05711356258754414","0.974172240996321","10","{""seed"":49,""providers"":100,""users"":1000,""malicious"":20,""radius"":2.2,""capacity"":24,""reliability"":0.92,""quality"":0.9,""cost"":2,""stake"":10,""budget"":10,""verificationCost"":1,""sensitivity"":0.8,""falsePositive"":0.02,""strategy"":""risk"",""attack"":""false contribution"",""inflation"":3,""attackCost"":2,""sybils"":2,""sybilCost"":3,""fakeDemand"":25,""collusion"":0.6,""density"":""medium"",""distribution"":""clustered"",""placement"":""reward"",""pool"":1000,""weights"":[0.3,0.35,0.25,0.06,0.04],""trials"":10}"
"1.0","50","Contribution","0.7234883611431436","0.973","0.9103691092471662","0.6919166916265418","0.867","713.4607051666101","7.134607051666101","76.16515149397244","0.5294117647058824","0","10","191.02619655559326","19.102619655559327","0.9041287873493111","0.63","0.024860531984053982","0.740120835286128","10","{""seed"":50,""providers"":100,""users"":1000,""malicious"":20,""radius"":2.2,""capacity"":24,""reliability"":0.92,""quality"":0.9,""cost"":2,""stake"":10,""budget"":10,""verificationCost"":1,""sensitivity"":0.8,""falsePositive"":0.02,""strategy"":""risk"",""attack"":""false contribution"",""inflation"":3,""attackCost"":2,""sybils"":2,""sybilCost"":3,""fakeDemand"":25,""collusion"":0.6,""density"":""medium"",""distribution"":""clustered"",""placement"":""reward"",""pool"":1000,""weights"":[0.3,0.35,0.25,0.06,0.04],""trials"":10}"
"1.0","50","Quality-adjusted","0.7234883611431436","0.973","0.9103691092471662","0.6919166916265418","0.867","708.5946587302101","7.085946587302101","77.06792660841946","0.5294117647058824","0","10","194.27022751319345","19.427022751319345","0.9266981652104864","0.62","0.025735649586012876","0.7401357198857672","10","{""seed"":50,""providers"":100,""users"":1000,""malicious"":20,""radius"":2.2,""capacity"":24,""reliability"":0.92,""quality"":0.9,""cost"":2,""stake"":10,""budget"":10,""verificationCost"":1,""sensitivity"":0.8,""falsePositive"":0.02,""strategy"":""risk"",""attack"":""false contribution"",""inflation"":3,""attackCost"":2,""sybils"":2,""sybilCost"":3,""fakeDemand"":25,""collusion"":0.6,""density"":""medium"",""distribution"":""clustered"",""placement"":""reward"",""pool"":1000,""weights"":[0.3,0.35,0.25,0.06,0.04],""trials"":10}"
"1.0","50","Marginal utility","0.7234883611431436","0.973","0.9103691092471662","0.6919166916265418","0.867","962.0264491107513","9.620264491107513","100.97837128570988","0.11764705882352941","0","10","25.315700592832567","2.531570059283257","1.5244592821427472","0.38","0.05563443585913475","0.895035763955295","10","{""seed"":50,""providers"":100,""users"":1000,""malicious"":20,""radius"":2.2,""capacity"":24,""reliability"":0.92,""quality"":0.9,""cost"":2,""stake"":10,""budget"":10,""verificationCost"":1,""sensitivity"":0.8,""falsePositive"":0.02,""strategy"":""risk"",""attack"":""false contribution"",""inflation"":3,""attackCost"":2,""sybils"":2,""sybilCost"":3,""fakeDemand"":25,""collusion"":0.6,""density"":""medium"",""distribution"":""clustered"",""placement"":""reward"",""pool"":1000,""weights"":[0.3,0.35,0.25,0.06,0.04],""trials"":10}"
"1.0","50","Proposed","0.7234883611431436","0.973","0.9103691092471662","0.6919166916265418","0.867","967.6904379663072","9.676904379663071","83.78696827453444","0.11764705882352941","0","10","21.53970802246196","2.153970802246196","1.094674206863361","0.38","0.0540881171870952","0.9134155252679558","10","{""seed"":50,""providers"":100,""users"":1000,""malicious"":20,""radius"":2.2,""capacity"":24,""reliability"":0.92,""quality"":0.9,""cost"":2,""stake"":10,""budget"":10,""verificationCost"":1,""sensitivity"":0.8,""falsePositive"":0.02,""strategy"":""risk"",""attack"":""false contribution"",""inflation"":3,""attackCost"":2,""sybils"":2,""sybilCost"":3,""fakeDemand"":25,""collusion"":0.6,""density"":""medium"",""distribution"":""clustered"",""placement"":""reward"",""pool"":1000,""weights"":[0.3,0.35,0.25,0.06,0.04],""trials"":10}"
"1.0","51","Contribution","0.7535936324436252","0.982","0.95726474728665","0.7471638835731911","0.914","689.3786249296236","6.893786249296236","42.94015827717486","0.5","0","10","207.0809167135844","20.70809167135844","0.07350395692937148","0.63","0.021915879659730804","0.8276289275935454","10","{""seed"":51,""providers"":100,""users"":1000,""malicious"":20,""radius"":2.2,""capacity"":24,""reliability"":0.92,""quality"":0.9,""cost"":2,""stake"":10,""budget"":10,""verificationCost"":1,""sensitivity"":0.8,""falsePositive"":0.02,""strategy"":""risk"",""attack"":""false contribution"",""inflation"":3,""attackCost"":2,""sybils"":2,""sybilCost"":3,""fakeDemand"":25,""collusion"":0.6,""density"":""medium"",""distribution"":""clustered"",""placement"":""reward"",""pool"":1000,""weights"":[0.3,0.35,0.25,0.06,0.04],""trials"":10}"
"1.0","51","Quality-adjusted","0.7535936324436252","0.982","0.95726474728665","0.7471638835731911","0.914","687.3411023542144","6.873411023542144","41.44594708888139","0.5","0","10","208.4392650971903","20.84392650971903","0.03614867722203474","0.62","0.022459000362319157","0.8318618386570795","10","{""seed"":51,""providers"":100,""users"":1000,""malicious"":20,""radius"":2.2,""capacity"":24,""reliability"":0.92,""quality"":0.9,""cost"":2,""stake"":10,""budget"":10,""verificationCost"":1,""sensitivity"":0.8,""falsePositive"":0.02,""strategy"":""risk"",""attack"":""false contribution"",""inflation"":3,""attackCost"":2,""sybils"":2,""sybilCost"":3,""fakeDemand"":25,""collusion"":0.6,""density"":""medium"",""distribution"":""clustered"",""placement"":""reward"",""pool"":1000,""weights"":[0.3,0.35,0.25,0.06,0.04],""trials"":10}"
"1.0","51","Marginal utility","0.7535936324436252","0.982","0.95726474728665","0.7471638835731911","0.914","881.5815632229267","8.815815632229267","24.120535111395697","0.2222222222222222","0","10","78.94562451804896","7.894562451804896","-0.3969866222151076","0.42","0.03841719656976922","0.9726394741931594","10","{""seed"":51,""providers"":100,""users"":1000,""malicious"":20,""radius"":2.2,""capacity"":24,""reliability"":0.92,""quality"":0.9,""cost"":2,""stake"":10,""budget"":10,""verificationCost"":1,""sensitivity"":0.8,""falsePositive"":0.02,""strategy"":""risk"",""attack"":""false contribution"",""inflation"":3,""attackCost"":2,""sybils"":2,""sybilCost"":3,""fakeDemand"":25,""collusion"":0.6,""density"":""medium"",""distribution"":""clustered"",""placement"":""reward"",""pool"":1000,""weights"":[0.3,0.35,0.25,0.06,0.04],""trials"":10}"
"1.0","51","Proposed","0.7535936324436252","0.982","0.95726474728665","0.7471638835731911","0.914","914.2621961754153","9.142621961754152","27.547228662849008","0.16666666666666666","0","10","57.15853588305642","5.7158535883056425","-0.3113192834287748","0.41","0.037608271508099374","0.9698694436037211","10","{""seed"":51,""providers"":100,""users"":1000,""malicious"":20,""radius"":2.2,""capacity"":24,""reliability"":0.92,""quality"":0.9,""cost"":2,""stake"":10,""budget"":10,""verificationCost"":1,""sensitivity"":0.8,""falsePositive"":0.02,""strategy"":""risk"",""attack"":""false contribution"",""inflation"":3,""attackCost"":2,""sybils"":2,""sybilCost"":3,""fakeDemand"":25,""collusion"":0.6,""density"":""medium"",""distribution"":""clustered"",""placement"":""reward"",""pool"":1000,""weights"":[0.3,0.35,0.25,0.06,0.04],""trials"":10}"